{
  "anaheim": "anaheim-guide",
  "ann-arbor": "ann-arbor-guide",
  "atlanta": "atlanta-guide",
  "augusta": "augusta-guide",
  "austin": "austin-guide",
  "bar-harbor": "bar-harbor-guide",
  "baton-rouge": "baton-rouge-guide",
  "beaverton": "beaverton-guide",
  "bellevue": "bellevue-guide",
  "boston": "boston-guide",
  "boulder": "boulder-guide",
  "burbank": "burbank-guide",
  "burlington": "burlington-guide",
  "cambridge": "cambridge-guide",
  "chandler": "chandler-guide",
  "charleston": "charleston-guide",
  "chicago": "chicago-guide",
  "cincinnati": "cincinnati-guide",
  "cleveland": "cleveland-guide",
  "colorado-springs": "colorado-springs-guide",
  "columbus": "columbus-guide",
  "concord": "concord-guide",
  "dallas": "dallas-guide",
  "denver": "denver-guide",
  "detroit": "detroit-guide",
  "everett": "everett-guide",
  "fort-collins": "fort-collins-guide",
  "fort-lauderdale": "fort-lauderdale-guide",
  "fort-worth": "fort-worth-guide",
  "hillsboro": "hillsboro-guide",
  "houston": "houston-guide",
  "juneau": "juneau-guide",
  "ketchikan": "ketchikan-guide",
  "key-west": "key-west-guide",
  "knoxville": "knoxville-guide",
  "lafayette": "lafayette-guide",
  "lancaster": "lancaster-guide",
  "las-vegas": "vegas-guide",
  "los-angeles": "los-angeles-guide",
  "madison": "madison-guide",
  "memphis": "memphis-guide",
  "mesa": "mesa-guide",
  "miami": "miami-guide",
  "milwaukee": "milwaukee-guide",
  "minneapolis": "minneapolis-guide",
  "montpelier": "montpelier-guide",
  "myrtle-beach": "myrtle-beach-guide",
  "naples": "naples-guide",
  "nashville": "nashville-guide",
  "new-orleans": "new-orleans-guide",
  "new-york": "new-york-guide",
  "newport": "newport-guide",
  "orlando": "orlando-guide",
  "pasadena": "pasadena-guide",
  "philadelphia": "philadelphia-guide",
  "phoenix": "phoenix-guide",
  "pittsburgh": "pittsburgh-guide",
  "portland": "portland-guide",
  "portsmouth": "portsmouth-guide",
  "providence": "providence-guide",
  "redmond": "redmond-guide",
  "sacramento": "sacramento-guide",
  "salem": "salem-guide",
  "san-antonio": "san-antonio-guide",
  "san-diego": "san-diego-guide",
  "san-francisco": "san-francisco-guide",
  "san-jose": "san-jose-guide",
  "santa-monica": "santa-monica-guide",
  "savannah": "savannah-guide",
  "scottsdale": "scottsdale-guide",
  "seattle": "seattle-guide",
  "sitka": "sitka-guide",
  "skagway": "skagway-guide",
  "st-paul": "st-paul-guide",
  "st-petersburg": "st-petersburg-guide",
  "tacoma": "tacoma-guide",
  "tampa": "tampa-guide",
  "tempe": "tempe-guide",
  "west-palm-beach": "west-palm-beach-guide"
}
