new york,new york
los angeles,california
san francisco,california
san diego,california
san jose,california
sacramento,california
santa monica,california
pasadena,california
burbank,california
anaheim,california

seattle,washington
tacoma,washington
bellevue,washington
everett,washington
redmond,washington

portland,oregon
beaverton,oregon
hillsboro,oregon

phoenix,arizona
scottsdale,arizona
tempe,arizona
mesa,arizona
chandler,arizona

denver,colorado
boulder,colorado
fort collins,colorado
colorado springs,colorado

austin,texas
dallas,texas
houston,texas
san antonio,texas
fort worth,texas

new orleans,louisiana
baton rouge,louisiana
lafayette,louisiana

nashville,tennessee
memphis,tennessee
knoxville,tennessee

atlanta,georgia
savannah,georgia
augusta,georgia

charleston,south carolina
myrtle beach,south carolina

miami,florida
fort lauderdale,florida
west palm beach,florida
key west,florida
orlando,florida
tampa,florida
st petersburg,florida
naples,florida

chicago,illinois
madison,wisconsin
milwaukee,wisconsin

minneapolis,minnesota
st paul,minnesota

detroit,michigan
ann arbor,michigan

cleveland,ohio
columbus,ohio
cincinnati,ohio

pittsburgh,pennsylvania
philadelphia,pennsylvania
lancaster,pennsylvania

boston,massachusetts
cambridge,massachusetts
salem,massachusetts

newport,rhode island
providence,rhode island

portland,maine
bar harbor,maine

burlington,vermont
montpelier,vermont

concord,new hampshire
portsmouth,new hampshire
